,File,Q,Pedestal,Trigger
0,/mnt/windows_file/DATA/_-300_-2400_-3000_LED_1KHz_9V_28ns_-656ns/C2--w--00000.csv,-1.853090138288496e-11,0.0017500618617882512,False
1,/mnt/windows_file/DATA/_-300_-2400_-3000_LED_1KHz_9V_28ns_-656ns/C2--w--00001.csv,1.9775292569838774e-11,0.0016590906425130204,True
2,/mnt/windows_file/DATA/_-300_-2400_-3000_LED_1KHz_9V_28ns_-656ns/C2--w--00002.csv,6.18563402726057e-11,0.00014462959876797966,True
3,/mnt/windows_file/DATA/_-300_-2400_-3000_LED_1KHz_9V_28ns_-656ns/C2--w--00003.csv,3.814886675504565e-11,0.0002744544620684994,True
4,/mnt/windows_file/DATA/_-300_-2400_-3000_LED_1KHz_9V_28ns_-656ns/C2--w--00004.csv,-1.174918367605767e-11,0.0013656219188641267,False
5,/mnt/windows_file/DATA/_-300_-2400_-3000_LED_1KHz_9V_28ns_-656ns/C2--w--00005.csv,2.2111561259427975e-12,0.000951452953500268,True
6,/mnt/windows_file/DATA/_-300_-2400_-3000_LED_1KHz_9V_28ns_-656ns/C2--w--00006.csv,3.591657580641096e-11,0.001432136161177177,False
7,/mnt/windows_file/DATA/_-300_-2400_-3000_LED_1KHz_9V_28ns_-656ns/C2--w--00007.csv,3.319154139973583e-11,0.0007402963985583065,False
8,/mnt/windows_file/DATA/_-300_-2400_-3000_LED_1KHz_9V_28ns_-656ns/C2--w--00008.csv,4.592749104213472e-11,0.0012258517291614663,False
9,/mnt/windows_file/DATA/_-300_-2400_-3000_LED_1KHz_9V_28ns_-656ns/C2--w--00009.csv,2.5731878614735538e-11,0.00040528500319811573,True
10,/mnt/windows_file/DATA/_-300_-2400_-3000_LED_1KHz_9V_28ns_-656ns/C2--w--00010.csv,-4.695945067978164e-10,0.0009985217021665272,True
11,/mnt/windows_file/DATA/_-300_-2400_-3000_LED_1KHz_9V_28ns_-656ns/C2--w--00011.csv,3.4722221942858015e-11,0.0007385001260680851,False
12,/mnt/windows_file/DATA/_-300_-2400_-3000_LED_1KHz_9V_28ns_-656ns/C2--w--00012.csv,5.58904129825918e-11,0.0012338782751523329,True
13,/mnt/windows_file/DATA/_-300_-2400_-3000_LED_1KHz_9V_28ns_-656ns/C2--w--00013.csv,-2.019746266286622e-11,0.00019404595372341578,True
14,/mnt/windows_file/DATA/_-300_-2400_-3000_LED_1KHz_9V_28ns_-656ns/C2--w--00014.csv,4.609725607620927e-11,0.0010154909204982139,True
15,/mnt/windows_file/DATA/_-300_-2400_-3000_LED_1KHz_9V_28ns_-656ns/C2--w--00015.csv,5.268934086808923e-11,0.0011414963387294044,False
16,/mnt/windows_file/DATA/_-300_-2400_-3000_LED_1KHz_9V_28ns_-656ns/C2--w--00016.csv,3.0899127460375704e-11,0.0009820696767938997,False
17,/mnt/windows_file/DATA/_-300_-2400_-3000_LED_1KHz_9V_28ns_-656ns/C2--w--00017.csv,1.2994187700092191e-11,0.001026614283622831,True
18,/mnt/windows_file/DATA/_-300_-2400_-3000_LED_1KHz_9V_28ns_-656ns/C2--w--00018.csv,6.875415182440742e-12,0.0007230200456778913,True
19,/mnt/windows_file/DATA/_-300_-2400_-3000_LED_1KHz_9V_28ns_-656ns/C2--w--00019.csv,-6.998946491239726e-11,6.457314446390562e-05,True
20,/mnt/windows_file/DATA/_-300_-2400_-3000_LED_1KHz_9V_28ns_-656ns/C2--w--00020.csv,-5.445506884222938e-10,0.0012066154448180124,True
21,/mnt/windows_file/DATA/_-300_-2400_-3000_LED_1KHz_9V_28ns_-656ns/C2--w--00021.csv,5.16937164935523e-12,0.0009917323048795172,True
22,/mnt/windows_file/DATA/_-300_-2400_-3000_LED_1KHz_9V_28ns_-656ns/C2--w--00022.csv,-5.057881979867295e-12,0.0008724628408613547,True
23,/mnt/windows_file/DATA/_-300_-2400_-3000_LED_1KHz_9V_28ns_-656ns/C2--w--00023.csv,-8.780860873212854e-11,0.0004020188534126282,True
24,/mnt/windows_file/DATA/_-300_-2400_-3000_LED_1KHz_9V_28ns_-656ns/C2--w--00024.csv,-1.8509770452571252e-10,0.0008472703420710987,True
25,/mnt/windows_file/DATA/_-300_-2400_-3000_LED_1KHz_9V_28ns_-656ns/C2--w--00025.csv,1.4065478600689824e-11,0.001969994289160988,False
26,/mnt/windows_file/DATA/_-300_-2400_-3000_LED_1KHz_9V_28ns_-656ns/C2--w--00026.csv,8.670725153063367e-11,0.00048797156858908214,False
27,/mnt/windows_file/DATA/_-300_-2400_-3000_LED_1KHz_9V_28ns_-656ns/C2--w--00027.csv,6.868954720836014e-11,0.0010417812900868674,False
28,/mnt/windows_file/DATA/_-300_-2400_-3000_LED_1KHz_9V_28ns_-656ns/C2--w--00028.csv,5.886297638930617e-11,0.0006594667722436651,True
29,/mnt/windows_file/DATA/_-300_-2400_-3000_LED_1KHz_9V_28ns_-656ns/C2--w--00029.csv,8.32649212444345e-11,0.0011761897229629822,True
30,/mnt/windows_file/DATA/_-300_-2400_-3000_LED_1KHz_9V_28ns_-656ns/C2--w--00030.csv,1.1058626553074678e-10,0.0002780193503827149,True
31,/mnt/windows_file/DATA/_-300_-2400_-3000_LED_1KHz_9V_28ns_-656ns/C2--w--00031.csv,-8.535157288965724e-11,0.0008410099348903821,True
32,/mnt/windows_file/DATA/_-300_-2400_-3000_LED_1KHz_9V_28ns_-656ns/C2--w--00032.csv,5.7464222472464514e-11,0.00040882176178191025,False
33,/mnt/windows_file/DATA/_-300_-2400_-3000_LED_1KHz_9V_28ns_-656ns/C2--w--00033.csv,2.2463324367863987e-11,0.0011003825359802506,True
34,/mnt/windows_file/DATA/_-300_-2400_-3000_LED_1KHz_9V_28ns_-656ns/C2--w--00034.csv,3.074366431072652e-11,0.00011149053638770182,True
35,/mnt/windows_file/DATA/_-300_-2400_-3000_LED_1KHz_9V_28ns_-656ns/C2--w--00035.csv,5.1534762524668046e-11,0.001024949655398602,False
36,/mnt/windows_file/DATA/_-300_-2400_-3000_LED_1KHz_9V_28ns_-656ns/C2--w--00036.csv,3.6047767384765095e-11,0.00038087119319445584,True
37,/mnt/windows_file/DATA/_-300_-2400_-3000_LED_1KHz_9V_28ns_-656ns/C2--w--00037.csv,6.707623707857176e-11,0.0013743051238768904,False
38,/mnt/windows_file/DATA/_-300_-2400_-3000_LED_1KHz_9V_28ns_-656ns/C2--w--00038.csv,4.1770700216815715e-11,0.0002935474028718812,True
39,/mnt/windows_file/DATA/_-300_-2400_-3000_LED_1KHz_9V_28ns_-656ns/C2--w--00039.csv,5.657090469724457e-11,0.0013062022014221615,True
40,/mnt/windows_file/DATA/_-300_-2400_-3000_LED_1KHz_9V_28ns_-656ns/C2--w--00040.csv,1.255481039435105e-11,0.0002223332080332249,True
41,/mnt/windows_file/DATA/_-300_-2400_-3000_LED_1KHz_9V_28ns_-656ns/C2--w--00041.csv,-3.084446989062665e-10,0.0011124640807722802,True
42,/mnt/windows_file/DATA/_-300_-2400_-3000_LED_1KHz_9V_28ns_-656ns/C2--w--00042.csv,3.718980703098093e-11,0.0005308902857409095,True
43,/mnt/windows_file/DATA/_-300_-2400_-3000_LED_1KHz_9V_28ns_-656ns/C2--w--00043.csv,-6.785683103516656e-11,8.428798029490767e-05,True
44,/mnt/windows_file/DATA/_-300_-2400_-3000_LED_1KHz_9V_28ns_-656ns/C2--w--00044.csv,4.393482682781897e-11,0.001363912122563829,False
45,/mnt/windows_file/DATA/_-300_-2400_-3000_LED_1KHz_9V_28ns_-656ns/C2--w--00045.csv,3.7640340484542926e-11,0.00040709878589769707,True
46,/mnt/windows_file/DATA/_-300_-2400_-3000_LED_1KHz_9V_28ns_-656ns/C2--w--00046.csv,-4.501685255903929e-10,0.00026174910824115386,True
47,/mnt/windows_file/DATA/_-300_-2400_-3000_LED_1KHz_9V_28ns_-656ns/C2--w--00047.csv,-2.7201905566871822e-11,0.0006688719620439442,True
48,/mnt/windows_file/DATA/_-300_-2400_-3000_LED_1KHz_9V_28ns_-656ns/C2--w--00048.csv,3.539757107593344e-11,0.0010020993372636773,True
49,/mnt/windows_file/DATA/_-300_-2400_-3000_LED_1KHz_9V_28ns_-656ns/C2--w--00049.csv,5.128583358514651e-11,0.0010783657192981904,True
50,/mnt/windows_file/DATA/_-300_-2400_-3000_LED_1KHz_9V_28ns_-656ns/C2--w--00050.csv,-9.257921857684725e-11,0.0009516004282588421,True
51,/mnt/windows_file/DATA/_-300_-2400_-3000_LED_1KHz_9V_28ns_-656ns/C2--w--00051.csv,4.745200111855767e-11,0.0010891297775327401,False
52,/mnt/windows_file/DATA/_-300_-2400_-3000_LED_1KHz_9V_28ns_-656ns/C2--w--00052.csv,5.309194818759215e-11,0.0004456634280698203,True
53,/mnt/windows_file/DATA/_-300_-2400_-3000_LED_1KHz_9V_28ns_-656ns/C2--w--00053.csv,3.251486032265569e-11,-3.729234153650484e-05,True
54,/mnt/windows_file/DATA/_-300_-2400_-3000_LED_1KHz_9V_28ns_-656ns/C2--w--00054.csv,4.370539972346567e-11,0.0013715962441961805,False
55,/mnt/windows_file/DATA/_-300_-2400_-3000_LED_1KHz_9V_28ns_-656ns/C2--w--00055.csv,-1.506051758986168e-11,0.0011375769252597065,True
56,/mnt/windows_file/DATA/_-300_-2400_-3000_LED_1KHz_9V_28ns_-656ns/C2--w--00056.csv,5.005283585992321e-11,0.0005333241145668514,True
57,/mnt/windows_file/DATA/_-300_-2400_-3000_LED_1KHz_9V_28ns_-656ns/C2--w--00057.csv,6.435987494949128e-11,0.0004512954612334194,False
58,/mnt/windows_file/DATA/_-300_-2400_-3000_LED_1KHz_9V_28ns_-656ns/C2--w--00058.csv,-5.5154587357514356e-12,0.0005159459972355491,True
59,/mnt/windows_file/DATA/_-300_-2400_-3000_LED_1KHz_9V_28ns_-656ns/C2--w--00059.csv,2.844038578436344e-11,0.0009499661171140686,False
60,/mnt/windows_file/DATA/_-300_-2400_-3000_LED_1KHz_9V_28ns_-656ns/C2--w--00060.csv,5.643200862157161e-11,0.0007746940580923043,False
61,/mnt/windows_file/DATA/_-300_-2400_-3000_LED_1KHz_9V_28ns_-656ns/C2--w--00061.csv,2.3855919195512744e-11,0.0011693409239380437,True
62,/mnt/windows_file/DATA/_-300_-2400_-3000_LED_1KHz_9V_28ns_-656ns/C2--w--00062.csv,3.499364564386821e-11,0.0007150215970938259,False
63,/mnt/windows_file/DATA/_-300_-2400_-3000_LED_1KHz_9V_28ns_-656ns/C2--w--00063.csv,-9.229251205459713e-13,0.00033974428874017544,True
64,/mnt/windows_file/DATA/_-300_-2400_-3000_LED_1KHz_9V_28ns_-656ns/C2--w--00064.csv,3.155037924626838e-11,0.00144725235437046,True
65,/mnt/windows_file/DATA/_-300_-2400_-3000_LED_1KHz_9V_28ns_-656ns/C2--w--00065.csv,3.5280513359557976e-11,0.0008770135705104361,True
66,/mnt/windows_file/DATA/_-300_-2400_-3000_LED_1KHz_9V_28ns_-656ns/C2--w--00066.csv,3.703126222491491e-12,0.000480675009793156,True
67,/mnt/windows_file/DATA/_-300_-2400_-3000_LED_1KHz_9V_28ns_-656ns/C2--w--00067.csv,2.624092696022685e-11,0.0011174218009681934,False
68,/mnt/windows_file/DATA/_-300_-2400_-3000_LED_1KHz_9V_28ns_-656ns/C2--w--00068.csv,4.592359314868022e-11,0.0004082301816755859,True
69,/mnt/windows_file/DATA/_-300_-2400_-3000_LED_1KHz_9V_28ns_-656ns/C2--w--00069.csv,4.70027344702448e-11,0.001423785431646034,False
70,/mnt/windows_file/DATA/_-300_-2400_-3000_LED_1KHz_9V_28ns_-656ns/C2--w--00070.csv,3.969630779884798e-11,0.000272606551115945,True
71,/mnt/windows_file/DATA/_-300_-2400_-3000_LED_1KHz_9V_28ns_-656ns/C2--w--00071.csv,2.1460249002128062e-11,0.0012143614944420302,True
72,/mnt/windows_file/DATA/_-300_-2400_-3000_LED_1KHz_9V_28ns_-656ns/C2--w--00072.csv,4.783850174698697e-11,0.0008121700251665254,False
73,/mnt/windows_file/DATA/_-300_-2400_-3000_LED_1KHz_9V_28ns_-656ns/C2--w--00073.csv,4.2479093884510476e-11,0.0013366400258994278,False
74,/mnt/windows_file/DATA/_-300_-2400_-3000_LED_1KHz_9V_28ns_-656ns/C2--w--00074.csv,9.684990981807639e-12,0.0011828960574503053,True
75,/mnt/windows_file/DATA/_-300_-2400_-3000_LED_1KHz_9V_28ns_-656ns/C2--w--00075.csv,6.690346897006821e-11,0.0012643750015998247,True
76,/mnt/windows_file/DATA/_-300_-2400_-3000_LED_1KHz_9V_28ns_-656ns/C2--w--00076.csv,-8.187080240336995e-12,0.00041365504049032206,True
77,/mnt/windows_file/DATA/_-300_-2400_-3000_LED_1KHz_9V_28ns_-656ns/C2--w--00077.csv,2.322182039600704e-11,0.0008527879960238771,True
78,/mnt/windows_file/DATA/_-300_-2400_-3000_LED_1KHz_9V_28ns_-656ns/C2--w--00078.csv,3.741360489834728e-11,0.0011014687805816544,False
79,/mnt/windows_file/DATA/_-300_-2400_-3000_LED_1KHz_9V_28ns_-656ns/C2--w--00079.csv,4.7826033876717444e-11,0.0002760574779249999,True
80,/mnt/windows_file/DATA/_-300_-2400_-3000_LED_1KHz_9V_28ns_-656ns/C2--w--00080.csv,-5.3451788583094237e-11,0.0014683939538914074,True
81,/mnt/windows_file/DATA/_-300_-2400_-3000_LED_1KHz_9V_28ns_-656ns/C2--w--00081.csv,-2.085026239137209e-11,0.0005269525376419824,True
82,/mnt/windows_file/DATA/_-300_-2400_-3000_LED_1KHz_9V_28ns_-656ns/C2--w--00082.csv,4.464438438081703e-11,0.0015092026624426629,False
83,/mnt/windows_file/DATA/_-300_-2400_-3000_LED_1KHz_9V_28ns_-656ns/C2--w--00083.csv,6.177787428160495e-11,-0.00023887087679589416,True
84,/mnt/windows_file/DATA/_-300_-2400_-3000_LED_1KHz_9V_28ns_-656ns/C2--w--00084.csv,-8.202358137694093e-12,0.0006549801421340655,True
85,/mnt/windows_file/DATA/_-300_-2400_-3000_LED_1KHz_9V_28ns_-656ns/C2--w--00085.csv,4.559625043680573e-11,0.0009152597317249038,False
86,/mnt/windows_file/DATA/_-300_-2400_-3000_LED_1KHz_9V_28ns_-656ns/C2--w--00086.csv,3.4918820049063376e-11,0.0007979703667275572,True
87,/mnt/windows_file/DATA/_-300_-2400_-3000_LED_1KHz_9V_28ns_-656ns/C2--w--00087.csv,3.239353755148312e-11,0.0012075458281845352,False
88,/mnt/windows_file/DATA/_-300_-2400_-3000_LED_1KHz_9V_28ns_-656ns/C2--w--00088.csv,-2.334445199827708e-10,0.0010868449900729906,True
89,/mnt/windows_file/DATA/_-300_-2400_-3000_LED_1KHz_9V_28ns_-656ns/C2--w--00089.csv,5.845119498163726e-11,0.0006549412538689411,False
90,/mnt/windows_file/DATA/_-300_-2400_-3000_LED_1KHz_9V_28ns_-656ns/C2--w--00090.csv,3.877090770554201e-11,0.001086511478058757,True
91,/mnt/windows_file/DATA/_-300_-2400_-3000_LED_1KHz_9V_28ns_-656ns/C2--w--00091.csv,3.687856211317897e-11,0.0016887849447264254,False
92,/mnt/windows_file/DATA/_-300_-2400_-3000_LED_1KHz_9V_28ns_-656ns/C2--w--00092.csv,-1.1069608376415663e-11,-0.00021237882508674978,True
93,/mnt/windows_file/DATA/_-300_-2400_-3000_LED_1KHz_9V_28ns_-656ns/C2--w--00093.csv,6.7913834522632e-11,0.001180060452173042,False
94,/mnt/windows_file/DATA/_-300_-2400_-3000_LED_1KHz_9V_28ns_-656ns/C2--w--00094.csv,4.951636484433851e-11,0.0005319881481111755,False
95,/mnt/windows_file/DATA/_-300_-2400_-3000_LED_1KHz_9V_28ns_-656ns/C2--w--00095.csv,3.082391681523208e-11,0.0008949898305996902,False
96,/mnt/windows_file/DATA/_-300_-2400_-3000_LED_1KHz_9V_28ns_-656ns/C2--w--00096.csv,8.373335078903113e-11,0.000857221288679937,False
97,/mnt/windows_file/DATA/_-300_-2400_-3000_LED_1KHz_9V_28ns_-656ns/C2--w--00097.csv,-4.998487850939417e-10,0.0007463766226262632,True
98,/mnt/windows_file/DATA/_-300_-2400_-3000_LED_1KHz_9V_28ns_-656ns/C2--w--00098.csv,2.504878544191353e-11,0.0012160053480490334,False
99,/mnt/windows_file/DATA/_-300_-2400_-3000_LED_1KHz_9V_28ns_-656ns/C2--w--00099.csv,2.953509970129742e-11,0.0005445204987154102,True
100,/mnt/windows_file/DATA/_-300_-2400_-3000_LED_1KHz_9V_28ns_-656ns/C2--w--00100.csv,2.9902491351788804e-11,0.0014687617711990034,False
101,/mnt/windows_file/DATA/_-300_-2400_-3000_LED_1KHz_9V_28ns_-656ns/C2--w--00101.csv,-6.488064180156191e-12,0.0013610175581221168,True
102,/mnt/windows_file/DATA/_-300_-2400_-3000_LED_1KHz_9V_28ns_-656ns/C2--w--00102.csv,5.0146801243570386e-11,0.0012375164009618394,False
103,/mnt/windows_file/DATA/_-300_-2400_-3000_LED_1KHz_9V_28ns_-656ns/C2--w--00103.csv,4.4264506847854e-11,0.001266530377160005,False
104,/mnt/windows_file/DATA/_-300_-2400_-3000_LED_1KHz_9V_28ns_-656ns/C2--w--00104.csv,2.953787957957047e-11,0.00012163090536022616,True
105,/mnt/windows_file/DATA/_-300_-2400_-3000_LED_1KHz_9V_28ns_-656ns/C2--w--00105.csv,3.762983879354017e-11,0.0012495758059501323,False
106,/mnt/windows_file/DATA/_-300_-2400_-3000_LED_1KHz_9V_28ns_-656ns/C2--w--00106.csv,5.32704738101133e-11,0.001114205205362039,True
107,/mnt/windows_file/DATA/_-300_-2400_-3000_LED_1KHz_9V_28ns_-656ns/C2--w--00107.csv,5.3784908276958173e-11,0.00028324642480435165,True
108,/mnt/windows_file/DATA/_-300_-2400_-3000_LED_1KHz_9V_28ns_-656ns/C2--w--00108.csv,5.855882103361984e-11,0.0009765862634236425,True
109,/mnt/windows_file/DATA/_-300_-2400_-3000_LED_1KHz_9V_28ns_-656ns/C2--w--00109.csv,2.1839089178931965e-11,0.00044057597790797174,True
110,/mnt/windows_file/DATA/_-300_-2400_-3000_LED_1KHz_9V_28ns_-656ns/C2--w--00110.csv,5.322539249062175e-11,0.0014011826928334039,False
111,/mnt/windows_file/DATA/_-300_-2400_-3000_LED_1KHz_9V_28ns_-656ns/C2--w--00111.csv,5.11698273305323e-11,0.00027939071021588666,True
112,/mnt/windows_file/DATA/_-300_-2400_-3000_LED_1KHz_9V_28ns_-656ns/C2--w--00112.csv,4.013224844115172e-11,0.0013122173412364766,False
113,/mnt/windows_file/DATA/_-300_-2400_-3000_LED_1KHz_9V_28ns_-656ns/C2--w--00113.csv,-1.0003303294435023e-11,0.000612435815789407,True
114,/mnt/windows_file/DATA/_-300_-2400_-3000_LED_1KHz_9V_28ns_-656ns/C2--w--00114.csv,3.775327516808482e-11,0.00026474567223072485,False
115,/mnt/windows_file/DATA/_-300_-2400_-3000_LED_1KHz_9V_28ns_-656ns/C2--w--00115.csv,2.6972901718783662e-11,0.0015434318936766729,False
116,/mnt/windows_file/DATA/_-300_-2400_-3000_LED_1KHz_9V_28ns_-656ns/C2--w--00116.csv,-2.9430565052639024e-10,0.00074506052166404,True
117,/mnt/windows_file/DATA/_-300_-2400_-3000_LED_1KHz_9V_28ns_-656ns/C2--w--00117.csv,-1.1028245923571066e-10,0.0016659899536229997,True
118,/mnt/windows_file/DATA/_-300_-2400_-3000_LED_1KHz_9V_28ns_-656ns/C2--w--00118.csv,7.514344875405242e-11,0.0009105761239296401,False
119,/mnt/windows_file/DATA/_-300_-2400_-3000_LED_1KHz_9V_28ns_-656ns/C2--w--00119.csv,5.790825120293739e-11,0.0006583841945600089,True
120,/mnt/windows_file/DATA/_-300_-2400_-3000_LED_1KHz_9V_28ns_-656ns/C2--w--00120.csv,5.3203311390725586e-11,0.0007120825884139757,True
121,/mnt/windows_file/DATA/_-300_-2400_-3000_LED_1KHz_9V_28ns_-656ns/C2--w--00121.csv,3.112030852750958e-11,0.0009475372291779026,False
122,/mnt/windows_file/DATA/_-300_-2400_-3000_LED_1KHz_9V_28ns_-656ns/C2--w--00122.csv,3.4989924651589576e-11,0.000596231194131735,True
123,/mnt/windows_file/DATA/_-300_-2400_-3000_LED_1KHz_9V_28ns_-656ns/C2--w--00123.csv,3.4560485031190044e-11,0.00024205626455098652,False
124,/mnt/windows_file/DATA/_-300_-2400_-3000_LED_1KHz_9V_28ns_-656ns/C2--w--00124.csv,4.6202940059952794e-11,0.0016415765580950162,True
125,/mnt/windows_file/DATA/_-300_-2400_-3000_LED_1KHz_9V_28ns_-656ns/C2--w--00125.csv,4.311627963732805e-11,0.0007882076289093112,False
126,/mnt/windows_file/DATA/_-300_-2400_-3000_LED_1KHz_9V_28ns_-656ns/C2--w--00126.csv,6.206670809590107e-11,0.0010222726504701405,True
127,/mnt/windows_file/DATA/_-300_-2400_-3000_LED_1KHz_9V_28ns_-656ns/C2--w--00127.csv,6.832315474541637e-11,0.0011867466202829665,False
128,/mnt/windows_file/DATA/_-300_-2400_-3000_LED_1KHz_9V_28ns_-656ns/C2--w--00128.csv,-9.280378578883928e-12,0.0008841557918628356,True
129,/mnt/windows_file/DATA/_-300_-2400_-3000_LED_1KHz_9V_28ns_-656ns/C2--w--00129.csv,6.10468105729143e-11,0.0011539191030924634,False
130,/mnt/windows_file/DATA/_-300_-2400_-3000_LED_1KHz_9V_28ns_-656ns/C2--w--00130.csv,4.609013501970843e-11,0.0011749614716356008,False
131,/mnt/windows_file/DATA/_-300_-2400_-3000_LED_1KHz_9V_28ns_-656ns/C2--w--00131.csv,5.66527174501105e-11,0.0012745277521668767,False
132,/mnt/windows_file/DATA/_-300_-2400_-3000_LED_1KHz_9V_28ns_-656ns/C2--w--00132.csv,5.714868486053821e-11,0.0005837110926242812,True
133,/mnt/windows_file/DATA/_-300_-2400_-3000_LED_1KHz_9V_28ns_-656ns/C2--w--00133.csv,7.206786784806582e-11,0.001190500170222194,False
134,/mnt/windows_file/DATA/_-300_-2400_-3000_LED_1KHz_9V_28ns_-656ns/C2--w--00134.csv,3.07950024634759e-11,0.0011826779266924615,False
135,/mnt/windows_file/DATA/_-300_-2400_-3000_LED_1KHz_9V_28ns_-656ns/C2--w--00135.csv,7.446921070895774e-11,0.0010767028822057862,False
136,/mnt/windows_file/DATA/_-300_-2400_-3000_LED_1KHz_9V_28ns_-656ns/C2--w--00136.csv,4.0366769604660453e-11,0.000781671361582534,True
137,/mnt/windows_file/DATA/_-300_-2400_-3000_LED_1KHz_9V_28ns_-656ns/C2--w--00137.csv,5.1198385980089414e-11,0.0010036201194197146,False
138,/mnt/windows_file/DATA/_-300_-2400_-3000_LED_1KHz_9V_28ns_-656ns/C2--w--00138.csv,4.6317014085733816e-11,0.00030570228529155886,True
139,/mnt/windows_file/DATA/_-300_-2400_-3000_LED_1KHz_9V_28ns_-656ns/C2--w--00139.csv,7.565071572033183e-11,0.0012396815540307968,False
140,/mnt/windows_file/DATA/_-300_-2400_-3000_LED_1KHz_9V_28ns_-656ns/C2--w--00140.csv,-7.540329545435261e-13,0.0005493412027941327,True
141,/mnt/windows_file/DATA/_-300_-2400_-3000_LED_1KHz_9V_28ns_-656ns/C2--w--00141.csv,6.263131947472755e-11,0.0010425782046100942,True
142,/mnt/windows_file/DATA/_-300_-2400_-3000_LED_1KHz_9V_28ns_-656ns/C2--w--00142.csv,-9.442268737904856e-12,0.0005595802683508736,True
143,/mnt/windows_file/DATA/_-300_-2400_-3000_LED_1KHz_9V_28ns_-656ns/C2--w--00143.csv,5.0058586813060223e-11,0.0012761358104717614,False
144,/mnt/windows_file/DATA/_-300_-2400_-3000_LED_1KHz_9V_28ns_-656ns/C2--w--00144.csv,3.2581222974056405e-11,0.000536458796226208,True
145,/mnt/windows_file/DATA/_-300_-2400_-3000_LED_1KHz_9V_28ns_-656ns/C2--w--00145.csv,4.77516184728091e-11,0.0004805040348933075,False
146,/mnt/windows_file/DATA/_-300_-2400_-3000_LED_1KHz_9V_28ns_-656ns/C2--w--00146.csv,7.062225351247639e-11,0.0008109429379971842,True
147,/mnt/windows_file/DATA/_-300_-2400_-3000_LED_1KHz_9V_28ns_-656ns/C2--w--00147.csv,2.4771112798972895e-11,0.00029583977707260976,True
148,/mnt/windows_file/DATA/_-300_-2400_-3000_LED_1KHz_9V_28ns_-656ns/C2--w--00148.csv,3.155287229061758e-11,0.0015745974959659448,False
149,/mnt/windows_file/DATA/_-300_-2400_-3000_LED_1KHz_9V_28ns_-656ns/C2--w--00149.csv,2.3583983257774468e-11,0.0006457718867353955,False
150,/mnt/windows_file/DATA/_-300_-2400_-3000_LED_1KHz_9V_28ns_-656ns/C2--w--00150.csv,2.7201588414218727e-11,0.0008135892277034256,True
151,/mnt/windows_file/DATA/_-300_-2400_-3000_LED_1KHz_9V_28ns_-656ns/C2--w--00151.csv,2.6248608796613947e-11,0.0003409351688893378,True
152,/mnt/windows_file/DATA/_-300_-2400_-3000_LED_1KHz_9V_28ns_-656ns/C2--w--00152.csv,8.333074382985714e-11,0.0012619590534936331,False
153,/mnt/windows_file/DATA/_-300_-2400_-3000_LED_1KHz_9V_28ns_-656ns/C2--w--00153.csv,7.878257549961632e-11,-1.1631985830315663e-05,True
154,/mnt/windows_file/DATA/_-300_-2400_-3000_LED_1KHz_9V_28ns_-656ns/C2--w--00154.csv,5.932917711865379e-12,0.0015757812863938518,True
155,/mnt/windows_file/DATA/_-300_-2400_-3000_LED_1KHz_9V_28ns_-656ns/C2--w--00155.csv,3.4754051012562937e-11,0.0015933355139325445,False
156,/mnt/windows_file/DATA/_-300_-2400_-3000_LED_1KHz_9V_28ns_-656ns/C2--w--00156.csv,-1.2260354739842538e-11,0.000118057574149478,True
157,/mnt/windows_file/DATA/_-300_-2400_-3000_LED_1KHz_9V_28ns_-656ns/C2--w--00157.csv,-4.5298446048181274e-10,0.0010017280933215104,True
158,/mnt/windows_file/DATA/_-300_-2400_-3000_LED_1KHz_9V_28ns_-656ns/C2--w--00158.csv,-3.7916086432594984e-10,-0.000105307090732876,True
159,/mnt/windows_file/DATA/_-300_-2400_-3000_LED_1KHz_9V_28ns_-656ns/C2--w--00159.csv,1.0247039026236166e-11,0.0010865025259076445,False
160,/mnt/windows_file/DATA/_-300_-2400_-3000_LED_1KHz_9V_28ns_-656ns/C2--w--00160.csv,3.280623564973613e-11,0.0006609454165696234,False
161,/mnt/windows_file/DATA/_-300_-2400_-3000_LED_1KHz_9V_28ns_-656ns/C2--w--00161.csv,4.2294955844676117e-11,0.0014154415016125034,False
162,/mnt/windows_file/DATA/_-300_-2400_-3000_LED_1KHz_9V_28ns_-656ns/C2--w--00162.csv,5.5133934781260234e-11,2.5041915548746445e-05,True
163,/mnt/windows_file/DATA/_-300_-2400_-3000_LED_1KHz_9V_28ns_-656ns/C2--w--00163.csv,-2.6673468818438065e-11,0.0012577280929918515,True
164,/mnt/windows_file/DATA/_-300_-2400_-3000_LED_1KHz_9V_28ns_-656ns/C2--w--00164.csv,6.31169424766057e-11,0.00126776741002772,False
165,/mnt/windows_file/DATA/_-300_-2400_-3000_LED_1KHz_9V_28ns_-656ns/C2--w--00165.csv,-7.021089407226235e-11,0.00037379725315932877,True
166,/mnt/windows_file/DATA/_-300_-2400_-3000_LED_1KHz_9V_28ns_-656ns/C2--w--00166.csv,4.723759877126643e-11,0.0007868130114829214,True
167,/mnt/windows_file/DATA/_-300_-2400_-3000_LED_1KHz_9V_28ns_-656ns/C2--w--00167.csv,6.911405299761355e-11,0.00025293976711222675,True
168,/mnt/windows_file/DATA/_-300_-2400_-3000_LED_1KHz_9V_28ns_-656ns/C2--w--00168.csv,1.4956185747773772e-11,0.0006716783209664623,True
169,/mnt/windows_file/DATA/_-300_-2400_-3000_LED_1KHz_9V_28ns_-656ns/C2--w--00169.csv,4.7425922902341483e-11,0.0006377218031649441,False
170,/mnt/windows_file/DATA/_-300_-2400_-3000_LED_1KHz_9V_28ns_-656ns/C2--w--00170.csv,3.364135785921992e-11,0.00024684617019172085,True
171,/mnt/windows_file/DATA/_-300_-2400_-3000_LED_1KHz_9V_28ns_-656ns/C2--w--00171.csv,4.580481786635137e-11,0.0005392527073051619,True
172,/mnt/windows_file/DATA/_-300_-2400_-3000_LED_1KHz_9V_28ns_-656ns/C2--w--00172.csv,3.971130537837125e-11,0.0013811499625709194,False
173,/mnt/windows_file/DATA/_-300_-2400_-3000_LED_1KHz_9V_28ns_-656ns/C2--w--00173.csv,-2.929652127879851e-11,0.000626894866981868,True
174,/mnt/windows_file/DATA/_-300_-2400_-3000_LED_1KHz_9V_28ns_-656ns/C2--w--00174.csv,6.618569077495786e-11,0.000602733602866921,True
175,/mnt/windows_file/DATA/_-300_-2400_-3000_LED_1KHz_9V_28ns_-656ns/C2--w--00175.csv,6.117277020395008e-11,0.0008703696887069883,True
176,/mnt/windows_file/DATA/_-300_-2400_-3000_LED_1KHz_9V_28ns_-656ns/C2--w--00176.csv,3.987417477792434e-11,0.0013445409548896868,False
177,/mnt/windows_file/DATA/_-300_-2400_-3000_LED_1KHz_9V_28ns_-656ns/C2--w--00177.csv,-5.523263129746473e-11,0.0005289916611367864,True
178,/mnt/windows_file/DATA/_-300_-2400_-3000_LED_1KHz_9V_28ns_-656ns/C2--w--00178.csv,-2.1564977312449664e-10,0.0010836284859497625,True
179,/mnt/windows_file/DATA/_-300_-2400_-3000_LED_1KHz_9V_28ns_-656ns/C2--w--00179.csv,3.249998807225102e-11,0.00011669203037521385,True
180,/mnt/windows_file/DATA/_-300_-2400_-3000_LED_1KHz_9V_28ns_-656ns/C2--w--00180.csv,4.2272675624989326e-11,0.00044439217575081944,True
181,/mnt/windows_file/DATA/_-300_-2400_-3000_LED_1KHz_9V_28ns_-656ns/C2--w--00181.csv,3.771562916974765e-11,0.0013753074223368789,False
182,/mnt/windows_file/DATA/_-300_-2400_-3000_LED_1KHz_9V_28ns_-656ns/C2--w--00182.csv,7.139552762301095e-11,0.0006506861933217332,True
183,/mnt/windows_file/DATA/_-300_-2400_-3000_LED_1KHz_9V_28ns_-656ns/C2--w--00183.csv,4.949023706215911e-11,0.0015008582778873233,False
184,/mnt/windows_file/DATA/_-300_-2400_-3000_LED_1KHz_9V_28ns_-656ns/C2--w--00184.csv,7.195396070084737e-11,2.101113986191312e-05,True
185,/mnt/windows_file/DATA/_-300_-2400_-3000_LED_1KHz_9V_28ns_-656ns/C2--w--00185.csv,3.358852035934377e-11,0.0015277538007597363,True
186,/mnt/windows_file/DATA/_-300_-2400_-3000_LED_1KHz_9V_28ns_-656ns/C2--w--00186.csv,-3.122150177654052e-10,0.000795299637162377,True
187,/mnt/windows_file/DATA/_-300_-2400_-3000_LED_1KHz_9V_28ns_-656ns/C2--w--00187.csv,4.8745588164560066e-11,0.0011915974435068215,False
188,/mnt/windows_file/DATA/_-300_-2400_-3000_LED_1KHz_9V_28ns_-656ns/C2--w--00188.csv,4.927148098996367e-11,0.00022354384002873766,True
189,/mnt/windows_file/DATA/_-300_-2400_-3000_LED_1KHz_9V_28ns_-656ns/C2--w--00189.csv,7.69119064218568e-11,0.00047027697554667154,False
190,/mnt/windows_file/DATA/_-300_-2400_-3000_LED_1KHz_9V_28ns_-656ns/C2--w--00190.csv,7.587373816292658e-11,0.0011877013501766715,False
191,/mnt/windows_file/DATA/_-300_-2400_-3000_LED_1KHz_9V_28ns_-656ns/C2--w--00191.csv,-5.334707568871531e-11,0.0004967590983971362,True
192,/mnt/windows_file/DATA/_-300_-2400_-3000_LED_1KHz_9V_28ns_-656ns/C2--w--00192.csv,3.752860935845693e-11,0.0008296477586133484,True
193,/mnt/windows_file/DATA/_-300_-2400_-3000_LED_1KHz_9V_28ns_-656ns/C2--w--00193.csv,2.608766111968412e-11,0.0005554489372001962,False
194,/mnt/windows_file/DATA/_-300_-2400_-3000_LED_1KHz_9V_28ns_-656ns/C2--w--00194.csv,7.516638419294157e-12,-0.00018248015539496762,True
195,/mnt/windows_file/DATA/_-300_-2400_-3000_LED_1KHz_9V_28ns_-656ns/C2--w--00195.csv,2.908232285157156e-11,0.0013006486996941491,True
196,/mnt/windows_file/DATA/_-300_-2400_-3000_LED_1KHz_9V_28ns_-656ns/C2--w--00196.csv,7.662218715941116e-11,0.000103002553312346,True
197,/mnt/windows_file/DATA/_-300_-2400_-3000_LED_1KHz_9V_28ns_-656ns/C2--w--00197.csv,6.858255438902378e-11,0.0005137837482975216,True
198,/mnt/windows_file/DATA/_-300_-2400_-3000_LED_1KHz_9V_28ns_-656ns/C2--w--00198.csv,4.6080088790351336e-11,0.0009820098654625758,False
199,/mnt/windows_file/DATA/_-300_-2400_-3000_LED_1KHz_9V_28ns_-656ns/C2--w--00199.csv,7.010780442187653e-11,0.0005936192998343277,True
200,/mnt/windows_file/DATA/_-300_-2400_-3000_LED_1KHz_9V_28ns_-656ns/C2--w--00200.csv,2.141647745208019e-11,0.0012565243947686273,True
201,/mnt/windows_file/DATA/_-300_-2400_-3000_LED_1KHz_9V_28ns_-656ns/C2--w--00201.csv,4.720405657949728e-11,0.00020952646252678995,True
202,/mnt/windows_file/DATA/_-300_-2400_-3000_LED_1KHz_9V_28ns_-656ns/C2--w--00202.csv,6.811107617169875e-13,0.0006377285244226432,True
203,/mnt/windows_file/DATA/_-300_-2400_-3000_LED_1KHz_9V_28ns_-656ns/C2--w--00203.csv,-3.432324973103261e-10,0.001153785106052831,True
204,/mnt/windows_file/DATA/_-300_-2400_-3000_LED_1KHz_9V_28ns_-656ns/C2--w--00204.csv,-2.734398940416371e-10,0.0008518303973565375,True
205,/mnt/windows_file/DATA/_-300_-2400_-3000_LED_1KHz_9V_28ns_-656ns/C2--w--00205.csv,-6.4590771544608e-11,0.0008597142463059087,True
206,/mnt/windows_file/DATA/_-300_-2400_-3000_LED_1KHz_9V_28ns_-656ns/C2--w--00206.csv,4.6587334237659e-11,0.001231591933393263,False
207,/mnt/windows_file/DATA/_-300_-2400_-3000_LED_1KHz_9V_28ns_-656ns/C2--w--00207.csv,-2.868985725793981e-12,0.0013554649087750858,True
208,/mnt/windows_file/DATA/_-300_-2400_-3000_LED_1KHz_9V_28ns_-656ns/C2--w--00208.csv,7.697173010311538e-11,0.0005096156871682948,True
209,/mnt/windows_file/DATA/_-300_-2400_-3000_LED_1KHz_9V_28ns_-656ns/C2--w--00209.csv,4.9883507290199776e-11,0.0012196796439993983,False
210,/mnt/windows_file/DATA/_-300_-2400_-3000_LED_1KHz_9V_28ns_-656ns/C2--w--00210.csv,6.827507379325599e-11,0.00010489693947853995,True
211,/mnt/windows_file/DATA/_-300_-2400_-3000_LED_1KHz_9V_28ns_-656ns/C2--w--00211.csv,7.168600854180259e-11,0.0011586867875222554,False
212,/mnt/windows_file/DATA/_-300_-2400_-3000_LED_1KHz_9V_28ns_-656ns/C2--w--00212.csv,4.118034878408787e-11,0.0012814902103147935,False
213,/mnt/windows_file/DATA/_-300_-2400_-3000_LED_1KHz_9V_28ns_-656ns/C2--w--00213.csv,5.002888357161332e-11,-1.2441660425870697e-05,True
214,/mnt/windows_file/DATA/_-300_-2400_-3000_LED_1KHz_9V_28ns_-656ns/C2--w--00214.csv,3.077168108460779e-11,0.0009934737784748763,True
215,/mnt/windows_file/DATA/_-300_-2400_-3000_LED_1KHz_9V_28ns_-656ns/C2--w--00215.csv,3.767486742726696e-11,0.0011598639803465987,False
216,/mnt/windows_file/DATA/_-300_-2400_-3000_LED_1KHz_9V_28ns_-656ns/C2--w--00216.csv,-5.715591988409568e-11,0.0004961070838800925,True
217,/mnt/windows_file/DATA/_-300_-2400_-3000_LED_1KHz_9V_28ns_-656ns/C2--w--00217.csv,6.718938789002069e-11,0.00068760768566771,False
218,/mnt/windows_file/DATA/_-300_-2400_-3000_LED_1KHz_9V_28ns_-656ns/C2--w--00218.csv,9.054337815330675e-13,0.0009334465218238402,True
219,/mnt/windows_file/DATA/_-300_-2400_-3000_LED_1KHz_9V_28ns_-656ns/C2--w--00219.csv,-1.0850503300858205e-10,0.001180068957624265,True
220,/mnt/windows_file/DATA/_-300_-2400_-3000_LED_1KHz_9V_28ns_-656ns/C2--w--00220.csv,1.466312969952152e-11,0.0001421246879102594,True
221,/mnt/windows_file/DATA/_-300_-2400_-3000_LED_1KHz_9V_28ns_-656ns/C2--w--00221.csv,4.200758984812216e-11,0.0005356730539563048,True
222,/mnt/windows_file/DATA/_-300_-2400_-3000_LED_1KHz_9V_28ns_-656ns/C2--w--00222.csv,4.566731534190091e-11,0.0009868296174364508,True
223,/mnt/windows_file/DATA/_-300_-2400_-3000_LED_1KHz_9V_28ns_-656ns/C2--w--00223.csv,6.519854521629191e-11,0.0004514062085222594,True
224,/mnt/windows_file/DATA/_-300_-2400_-3000_LED_1KHz_9V_28ns_-656ns/C2--w--00224.csv,1.1264707254377647e-11,0.0015990783840831597,True
225,/mnt/windows_file/DATA/_-300_-2400_-3000_LED_1KHz_9V_28ns_-656ns/C2--w--00225.csv,4.5520981974145455e-11,0.0004137526323909234,False
226,/mnt/windows_file/DATA/_-300_-2400_-3000_LED_1KHz_9V_28ns_-656ns/C2--w--00226.csv,6.359265542239356e-11,0.001368548448914253,False
227,/mnt/windows_file/DATA/_-300_-2400_-3000_LED_1KHz_9V_28ns_-656ns/C2--w--00227.csv,4.027560054091005e-11,-2.3927984148570407e-05,True
228,/mnt/windows_file/DATA/_-300_-2400_-3000_LED_1KHz_9V_28ns_-656ns/C2--w--00228.csv,6.620115576217051e-11,0.0012708752874238585,False
229,/mnt/windows_file/DATA/_-300_-2400_-3000_LED_1KHz_9V_28ns_-656ns/C2--w--00229.csv,3.054662229452232e-11,0.00035429976580677794,True
230,/mnt/windows_file/DATA/_-300_-2400_-3000_LED_1KHz_9V_28ns_-656ns/C2--w--00230.csv,-2.385456478922947e-12,0.0014347592887780079,True
231,/mnt/windows_file/DATA/_-300_-2400_-3000_LED_1KHz_9V_28ns_-656ns/C2--w--00231.csv,3.010816155067709e-11,0.0004898108246491368,False
232,/mnt/windows_file/DATA/_-300_-2400_-3000_LED_1KHz_9V_28ns_-656ns/C2--w--00232.csv,4.927700184966225e-11,0.0010923655621999744,False
233,/mnt/windows_file/DATA/_-300_-2400_-3000_LED_1KHz_9V_28ns_-656ns/C2--w--00233.csv,-5.58309079503645e-11,0.0009584931003797439,True
234,/mnt/windows_file/DATA/_-300_-2400_-3000_LED_1KHz_9V_28ns_-656ns/C2--w--00234.csv,4.727733853164689e-11,0.0011435855413426859,False
235,/mnt/windows_file/DATA/_-300_-2400_-3000_LED_1KHz_9V_28ns_-656ns/C2--w--00235.csv,5.0198789358950514e-11,0.00018462127339626127,True
236,/mnt/windows_file/DATA/_-300_-2400_-3000_LED_1KHz_9V_28ns_-656ns/C2--w--00236.csv,7.760049255568858e-11,0.0007704850846452526,False
237,/mnt/windows_file/DATA/_-300_-2400_-3000_LED_1KHz_9V_28ns_-656ns/C2--w--00237.csv,4.941735278673366e-12,0.0006037077959567219,True
238,/mnt/windows_file/DATA/_-300_-2400_-3000_LED_1KHz_9V_28ns_-656ns/C2--w--00238.csv,1.5525062085040522e-11,0.0010090108058653628,True
239,/mnt/windows_file/DATA/_-300_-2400_-3000_LED_1KHz_9V_28ns_-656ns/C2--w--00239.csv,6.923365350264078e-11,0.001265614567380581,False
240,/mnt/windows_file/DATA/_-300_-2400_-3000_LED_1KHz_9V_28ns_-656ns/C2--w--00240.csv,-3.139682092030998e-12,0.00045495879956442665,True
241,/mnt/windows_file/DATA/_-300_-2400_-3000_LED_1KHz_9V_28ns_-656ns/C2--w--00241.csv,6.739496004005605e-11,0.0010764661296158123,False
242,/mnt/windows_file/DATA/_-300_-2400_-3000_LED_1KHz_9V_28ns_-656ns/C2--w--00242.csv,7.567570494403481e-11,0.00013272958062350785,False
243,/mnt/windows_file/DATA/_-300_-2400_-3000_LED_1KHz_9V_28ns_-656ns/C2--w--00243.csv,3.3162956801246787e-11,0.0014417392887486234,False
244,/mnt/windows_file/DATA/_-300_-2400_-3000_LED_1KHz_9V_28ns_-656ns/C2--w--00244.csv,-1.001376297240752e-11,-0.0003043271511089722,True
245,/mnt/windows_file/DATA/_-300_-2400_-3000_LED_1KHz_9V_28ns_-656ns/C2--w--00245.csv,7.424233306449547e-11,0.001834291907621831,False
246,/mnt/windows_file/DATA/_-300_-2400_-3000_LED_1KHz_9V_28ns_-656ns/C2--w--00246.csv,6.386161639528338e-11,0.0001842864072012981,True
247,/mnt/windows_file/DATA/_-300_-2400_-3000_LED_1KHz_9V_28ns_-656ns/C2--w--00247.csv,4.744701029747553e-11,0.0013325163764247399,False
248,/mnt/windows_file/DATA/_-300_-2400_-3000_LED_1KHz_9V_28ns_-656ns/C2--w--00248.csv,4.109627265188276e-11,0.00045307037511017445,True
249,/mnt/windows_file/DATA/_-300_-2400_-3000_LED_1KHz_9V_28ns_-656ns/C2--w--00249.csv,2.192824110022452e-11,0.0005897595668134957,True
250,/mnt/windows_file/DATA/_-300_-2400_-3000_LED_1KHz_9V_28ns_-656ns/C2--w--00250.csv,6.060860040813101e-11,0.001305470796595147,False
251,/mnt/windows_file/DATA/_-300_-2400_-3000_LED_1KHz_9V_28ns_-656ns/C2--w--00251.csv,3.3944492165503986e-11,0.0007129173951472397,True
252,/mnt/windows_file/DATA/_-300_-2400_-3000_LED_1KHz_9V_28ns_-656ns/C2--w--00252.csv,6.464392809215874e-11,0.001504203048512191,False
253,/mnt/windows_file/DATA/_-300_-2400_-3000_LED_1KHz_9V_28ns_-656ns/C2--w--00253.csv,4.3207471330270955e-11,0.0002948682615549823,True
254,/mnt/windows_file/DATA/_-300_-2400_-3000_LED_1KHz_9V_28ns_-656ns/C2--w--00254.csv,-6.818267723657668e-11,0.0015803584190695772,True
255,/mnt/windows_file/DATA/_-300_-2400_-3000_LED_1KHz_9V_28ns_-656ns/C2--w--00255.csv,-8.959891560809103e-11,0.0003910133615319563,True
256,/mnt/windows_file/DATA/_-300_-2400_-3000_LED_1KHz_9V_28ns_-656ns/C2--w--00256.csv,6.673637623848945e-11,0.0012241910072295647,False
257,/mnt/windows_file/DATA/_-300_-2400_-3000_LED_1KHz_9V_28ns_-656ns/C2--w--00257.csv,2.6287600064364088e-11,0.000158448025082688,True
258,/mnt/windows_file/DATA/_-300_-2400_-3000_LED_1KHz_9V_28ns_-656ns/C2--w--00258.csv,9.359420254471608e-11,0.0004558806259147882,True
259,/mnt/windows_file/DATA/_-300_-2400_-3000_LED_1KHz_9V_28ns_-656ns/C2--w--00259.csv,6.777513786391852e-11,0.00046004016546776546,True
260,/mnt/windows_file/DATA/_-300_-2400_-3000_LED_1KHz_9V_28ns_-656ns/C2--w--00260.csv,7.534861778778903e-11,0.0008396158014749327,False
261,/mnt/windows_file/DATA/_-300_-2400_-3000_LED_1KHz_9V_28ns_-656ns/C2--w--00261.csv,2.6164889862467687e-11,0.0008316479063026904,True
262,/mnt/windows_file/DATA/_-300_-2400_-3000_LED_1KHz_9V_28ns_-656ns/C2--w--00262.csv,4.670758931579769e-14,0.0007110501374010999,True
263,/mnt/windows_file/DATA/_-300_-2400_-3000_LED_1KHz_9V_28ns_-656ns/C2--w--00263.csv,1.3458729311296514e-10,0.0007945714794441149,False
264,/mnt/windows_file/DATA/_-300_-2400_-3000_LED_1KHz_9V_28ns_-656ns/C2--w--00264.csv,6.436356535154064e-11,0.0012085488650186596,False
265,/mnt/windows_file/DATA/_-300_-2400_-3000_LED_1KHz_9V_28ns_-656ns/C2--w--00265.csv,-3.669103790508062e-12,0.0013391798431864204,True
266,/mnt/windows_file/DATA/_-300_-2400_-3000_LED_1KHz_9V_28ns_-656ns/C2--w--00266.csv,-2.7786125281981694e-11,0.001353722674851988,True
267,/mnt/windows_file/DATA/_-300_-2400_-3000_LED_1KHz_9V_28ns_-656ns/C2--w--00267.csv,-1.052802197415349e-10,0.0006312523095741238,True
268,/mnt/windows_file/DATA/_-300_-2400_-3000_LED_1KHz_9V_28ns_-656ns/C2--w--00268.csv,6.436702790372045e-11,0.0004069155700206371,True
269,/mnt/windows_file/DATA/_-300_-2400_-3000_LED_1KHz_9V_28ns_-656ns/C2--w--00269.csv,3.1064694964911434e-11,0.0015662125671181465,True
270,/mnt/windows_file/DATA/_-300_-2400_-3000_LED_1KHz_9V_28ns_-656ns/C2--w--00270.csv,2.0888947744113573e-11,5.2187358009777545e-05,True
271,/mnt/windows_file/DATA/_-300_-2400_-3000_LED_1KHz_9V_28ns_-656ns/C2--w--00271.csv,1.3995545804315843e-11,0.0003930001622276211,True
272,/mnt/windows_file/DATA/_-300_-2400_-3000_LED_1KHz_9V_28ns_-656ns/C2--w--00272.csv,6.375890537991995e-11,0.0013305768182739375,False
273,/mnt/windows_file/DATA/_-300_-2400_-3000_LED_1KHz_9V_28ns_-656ns/C2--w--00273.csv,2.6691361084054802e-11,4.2947684146592616e-05,True
274,/mnt/windows_file/DATA/_-300_-2400_-3000_LED_1KHz_9V_28ns_-656ns/C2--w--00274.csv,6.227730087209464e-11,0.0009755071211968345,False
275,/mnt/windows_file/DATA/_-300_-2400_-3000_LED_1KHz_9V_28ns_-656ns/C2--w--00275.csv,5.137550053354356e-11,0.0004837290198305805,True
276,/mnt/windows_file/DATA/_-300_-2400_-3000_LED_1KHz_9V_28ns_-656ns/C2--w--00276.csv,4.218278605525541e-11,0.0014138100086566836,False
277,/mnt/windows_file/DATA/_-300_-2400_-3000_LED_1KHz_9V_28ns_-656ns/C2--w--00277.csv,-5.366209049677801e-10,0.0005919924734181858,True
278,/mnt/windows_file/DATA/_-300_-2400_-3000_LED_1KHz_9V_28ns_-656ns/C2--w--00278.csv,-2.0541447417963936e-11,0.0006234972559656795,True
279,/mnt/windows_file/DATA/_-300_-2400_-3000_LED_1KHz_9V_28ns_-656ns/C2--w--00279.csv,6.884769839710067e-11,0.0008852620280114182,False
280,/mnt/windows_file/DATA/_-300_-2400_-3000_LED_1KHz_9V_28ns_-656ns/C2--w--00280.csv,4.993891923435955e-11,0.000608726775639143,True
281,/mnt/windows_file/DATA/_-300_-2400_-3000_LED_1KHz_9V_28ns_-656ns/C2--w--00281.csv,4.237899741197279e-11,0.0007374640674945042,True
282,/mnt/windows_file/DATA/_-300_-2400_-3000_LED_1KHz_9V_28ns_-656ns/C2--w--00282.csv,5.224318889925469e-11,0.0013643174885341336,True
283,/mnt/windows_file/DATA/_-300_-2400_-3000_LED_1KHz_9V_28ns_-656ns/C2--w--00283.csv,6.398571763011094e-11,0.0012034845108766922,False
284,/mnt/windows_file/DATA/_-300_-2400_-3000_LED_1KHz_9V_28ns_-656ns/C2--w--00284.csv,-2.4360454742079477e-11,0.0013734144673119804,True
285,/mnt/windows_file/DATA/_-300_-2400_-3000_LED_1KHz_9V_28ns_-656ns/C2--w--00285.csv,4.459069376790478e-11,0.00013441144431766767,True
286,/mnt/windows_file/DATA/_-300_-2400_-3000_LED_1KHz_9V_28ns_-656ns/C2--w--00286.csv,7.4060602566578e-11,0.0012691578639216776,False
287,/mnt/windows_file/DATA/_-300_-2400_-3000_LED_1KHz_9V_28ns_-656ns/C2--w--00287.csv,-7.7551364930621e-12,0.0011652880692756197,True
